date,name,total
2026-10-06,ares-linux,0
2026-10-06,ares-linux-arm,0
2026-10-06,ares-mac,0
2026-10-06,ares-windows,0
2026-10-06,armsx2-linux,0
2026-10-06,armsx2-linux-arm,0
2026-10-06,armsx2-mac,0
2026-10-06,armsx2-windows,0
2026-10-06,azahar-linux,11
2026-10-06,azahar-linux-arm,0
2026-10-06,azahar-mac,0
2026-10-06,azahar-windows,1
2026-10-06,bigpemu-linux,5
2026-10-06,bigpemu-linux-arm,0
2026-10-06,bigpemu-mac,0
2026-10-06,bigpemu-windows,0
2026-10-06,cemu-linux,11
2026-10-06,cemu-linux-arm,0
2026-10-06,cemu-mac,0
2026-10-06,cemu-windows,0
2026-10-06,citron-linux,0
2026-10-06,citron-linux-arm,0
2026-10-06,citron-mac,0
2026-10-06,citron-windows,0
2026-10-06,cloudsync-linux,3
2026-10-06,cloudsync-linux-arm,0
2026-10-06,cloudsync-windows,0
2026-10-06,dolphin-linux,5
2026-10-06,dolphin-linux-arm,1
2026-10-06,dolphin-mac,0
2026-10-06,dolphin-windows,0
2026-10-06,duckstation-linux,11
2026-10-06,duckstation-linux-arm,0
2026-10-06,duckstation-mac,0
2026-10-06,duckstation-windows,0
2026-10-06,early-cloudsync-linux,3
2026-10-06,early-cloudsync-linux-arm,0
2026-10-06,early-cloudsync-windows,0
2026-10-06,early-linux,2
2026-10-06,early-linux-arm,0
2026-10-06,early-windows,0
2026-10-06,eden-linux,0
2026-10-06,eden-linux-arm,0
2026-10-06,eden-mac,0
2026-10-06,eden-windows,0
2026-10-06,esde-linux,8
2026-10-06,esde-linux-arm,0
2026-10-06,esde-mac,0
2026-10-06,esde-windows,1
2026-10-06,flycast-linux,1
2026-10-06,flycast-linux-arm,0
2026-10-06,flycast-mac,0
2026-10-06,flycast-windows,0
2026-10-06,mame-linux,0
2026-10-06,mame-linux-arm,0
2026-10-06,mame-mac,0
2026-10-06,mame-windows,0
2026-10-06,melonds-linux,5
2026-10-06,melonds-linux-arm,0
2026-10-06,melonds-mac,0
2026-10-06,melonds-windows,0
2026-10-06,mgba-linux,2
2026-10-06,mgba-linux-arm,0
2026-10-06,mgba-mac,0
2026-10-06,mgba-windows,0
2026-10-06,model2-linux,4
2026-10-06,model2-linux-arm,0
2026-10-06,model2-mac,0
2026-10-06,model2-windows,0
2026-10-06,pcsx2-linux,10
2026-10-06,pcsx2-linux-arm,0
2026-10-06,pcsx2-mac,0
2026-10-06,pcsx2-windows,0
2026-10-06,pegasus-linux,0
2026-10-06,pegasus-linux-arm,0
2026-10-06,pegasus-mac,0
2026-10-06,pegasus-windows,0
2026-10-06,ppsspp-linux,5
2026-10-06,ppsspp-linux-arm,0
2026-10-06,ppsspp-mac,0
2026-10-06,ppsspp-windows,0
2026-10-06,primehack-linux,4
2026-10-06,primehack-linux-arm,0
2026-10-06,primehack-mac,0
2026-10-06,primehack-windows,0
2026-10-06,ra-linux,5
2026-10-06,ra-linux-arm,0
2026-10-06,ra-mac,0
2026-10-06,ra-windows,0
2026-10-06,rmg-linux,1
2026-10-06,rmg-linux-arm,0
2026-10-06,rmg-mac,0
2026-10-06,rmg-windows,0
2026-10-06,rpcs3-linux,9
2026-10-06,rpcs3-linux-arm,0
2026-10-06,rpcs3-mac,0
2026-10-06,rpcs3-windows,0
2026-10-06,ryujinx-linux,5
2026-10-06,ryujinx-linux-arm,0
2026-10-06,ryujinx-mac,0
2026-10-06,ryujinx-windows,2
2026-10-06,scummvm-linux,4
2026-10-06,scummvm-linux-arm,0
2026-10-06,scummvm-mac,0
2026-10-06,scummvm-windows,0
2026-10-06,shadps4-linux,8
2026-10-06,shadps4-linux-arm,0
2026-10-06,shadps4-mac,0
2026-10-06,shadps4-windows,0
2026-10-06,srm-linux,9
2026-10-06,srm-linux-arm,0
2026-10-06,srm-mac,0
2026-10-06,srm-windows,1
2026-10-06,supermodel-linux,4
2026-10-06,supermodel-linux-arm,0
2026-10-06,supermodel-mac,0
2026-10-06,supermodel-windows,0
2026-10-06,system-bazzite,0
2026-10-06,system-chimeraos,0
2026-10-06,system-linux,5
2026-10-06,system-linux-arm,0
2026-10-06,system-mac,0
2026-10-06,system-steamos,0
2026-10-06,system-windows,0
2026-10-06,vita3k-linux,9
2026-10-06,vita3k-linux-arm,0
2026-10-06,vita3k-mac,0
2026-10-06,vita3k-windows,0
2026-10-06,xemu-linux,4
2026-10-06,xemu-linux-arm,0
2026-10-06,xemu-mac,0
2026-10-06,xemu-windows,0
2026-10-06,xenia-linux,8
2026-10-06,xenia-linux-arm,0
2026-10-06,xenia-mac,0
2026-10-06,xenia-windows,0
2026-10-06,yuzu-linux,0
2026-10-06,yuzu-linux-arm,0
2026-10-06,yuzu-mac,0
2026-10-06,yuzu-windows,0
