date,repo,count,uniques
2026-09-21,EmuDeck/emudeck-we,477,459
2026-09-21,dragoonDorise/EmuDeck,3454,1493
2026-09-22,EmuDeck/emudeck-we,431,425
2026-09-22,dragoonDorise/EmuDeck,1712,1396
2026-09-23,EmuDeck/emudeck-we,420,403
2026-09-23,dragoonDorise/EmuDeck,1890,1402
2026-09-24,EmuDeck/emudeck-we,422,402
2026-09-24,dragoonDorise/EmuDeck,1896,1386
2026-09-25,EmuDeck/emudeck-we,499,464
2026-09-25,dragoonDorise/EmuDeck,1991,1485
2026-09-26,EmuDeck/emudeck-we,522,506
2026-09-26,dragoonDorise/EmuDeck,2432,1852
2026-09-27,EmuDeck/emudeck-we,614,579
2026-09-27,dragoonDorise/EmuDeck,2709,2018
2026-09-28,EmuDeck/emudeck-we,490,454
2026-09-28,dragoonDorise/EmuDeck,2320,1537
2026-09-29,EmuDeck/emudeck-we,427,406
2026-09-29,dragoonDorise/EmuDeck,1903,1347
2026-09-30,EmuDeck/emudeck-we,819,412
2026-09-30,dragoonDorise/EmuDeck,1738,1242
2026-10-01,EmuDeck/emudeck-we,407,395
2026-10-01,dragoonDorise/EmuDeck,1600,1254
2026-10-02,EmuDeck/emudeck-we,728,417
2026-10-02,dragoonDorise/EmuDeck,1959,1337
2026-10-03,EmuDeck/emudeck-we,549,535
2026-10-03,dragoonDorise/EmuDeck,2088,1679
2026-10-04,EmuDeck/emudeck-we,585,560
2026-10-04,dragoonDorise/EmuDeck,2355,1739
