date,channel,kind,total
2026-10-05,emudeck-electron,installers-linux,6392396
2026-10-05,emudeck-electron,installers-linux-arm,1138
2026-10-05,emudeck-electron,installers-mac,0
2026-10-05,emudeck-electron,installers-windows,1067947
2026-10-05,emudeck-electron,launches-linux,19954831
2026-10-05,emudeck-electron,launches-linux-arm,1048
2026-10-05,emudeck-electron,launches-mac,0
2026-10-05,emudeck-electron,launches-windows,4238201
2026-10-05,emudeck-electron,updates-windows,290543
2026-10-05,emudeck-electron-beta,installers-linux,5079
2026-10-05,emudeck-electron-beta,installers-linux-arm,26
2026-10-05,emudeck-electron-beta,installers-mac,443
2026-10-05,emudeck-electron-beta,installers-windows,5616
2026-10-05,emudeck-electron-beta,launches-linux,25723
2026-10-05,emudeck-electron-beta,launches-linux-arm,35
2026-10-05,emudeck-electron-beta,launches-mac,11
2026-10-05,emudeck-electron-beta,launches-windows,16647
2026-10-05,emudeck-electron-beta,updates-windows,5081
2026-10-05,emudeck-electron-early,installers-linux,66734
2026-10-05,emudeck-electron-early,installers-linux-arm,965
2026-10-05,emudeck-electron-early,installers-mac,272
2026-10-05,emudeck-electron-early,installers-windows,181681
2026-10-05,emudeck-electron-early,launches-linux,217096
2026-10-05,emudeck-electron-early,launches-linux-arm,1224
2026-10-05,emudeck-electron-early,launches-mac,17
2026-10-05,emudeck-electron-early,launches-windows,576719
2026-10-05,emudeck-electron-early,updates-windows,166249
2026-10-05,emudeck-electron-early-unstable,installers-linux,4740
2026-10-05,emudeck-electron-early-unstable,installers-linux-arm,65
2026-10-05,emudeck-electron-early-unstable,installers-mac,0
2026-10-05,emudeck-electron-early-unstable,installers-windows,5544
2026-10-05,emudeck-electron-early-unstable,launches-linux,17360
2026-10-05,emudeck-electron-early-unstable,launches-linux-arm,80
2026-10-05,emudeck-electron-early-unstable,launches-mac,0
2026-10-05,emudeck-electron-early-unstable,launches-windows,19526
2026-10-05,emudeck-electron-early-unstable,updates-windows,3861
2026-10-06,emudeck-electron,installers-linux,6397086
2026-10-06,emudeck-electron,installers-linux-arm,1233
2026-10-06,emudeck-electron,installers-mac,0
2026-10-06,emudeck-electron,installers-windows,1068867
2026-10-06,emudeck-electron,launches-linux,19966152
2026-10-06,emudeck-electron,launches-linux-arm,1205
2026-10-06,emudeck-electron,launches-mac,0
2026-10-06,emudeck-electron,launches-windows,4241250
2026-10-06,emudeck-electron,updates-windows,291346
2026-10-06,emudeck-electron-beta,installers-linux,5112
2026-10-06,emudeck-electron-beta,installers-linux-arm,29
2026-10-06,emudeck-electron-beta,installers-mac,443
2026-10-06,emudeck-electron-beta,installers-windows,5623
2026-10-06,emudeck-electron-beta,launches-linux,25783
2026-10-06,emudeck-electron-beta,launches-linux-arm,46
2026-10-06,emudeck-electron-beta,launches-mac,11
2026-10-06,emudeck-electron-beta,launches-windows,16662
2026-10-06,emudeck-electron-beta,updates-windows,5088
2026-10-06,emudeck-electron-early,installers-linux,66858
2026-10-06,emudeck-electron-early,installers-linux-arm,1015
2026-10-06,emudeck-electron-early,installers-mac,272
2026-10-06,emudeck-electron-early,installers-windows,181767
2026-10-06,emudeck-electron-early,launches-linux,217407
2026-10-06,emudeck-electron-early,launches-linux-arm,1274
2026-10-06,emudeck-electron-early,launches-mac,17
2026-10-06,emudeck-electron-early,launches-windows,576897
2026-10-06,emudeck-electron-early,updates-windows,166358
2026-10-06,emudeck-electron-early-unstable,installers-linux,4752
2026-10-06,emudeck-electron-early-unstable,installers-linux-arm,69
2026-10-06,emudeck-electron-early-unstable,installers-mac,0
2026-10-06,emudeck-electron-early-unstable,installers-windows,5551
2026-10-06,emudeck-electron-early-unstable,launches-linux,17388
2026-10-06,emudeck-electron-early-unstable,launches-linux-arm,83
2026-10-06,emudeck-electron-early-unstable,launches-mac,0
2026-10-06,emudeck-electron-early-unstable,launches-windows,19540
2026-10-06,emudeck-electron-early-unstable,updates-windows,3873
